Make,Model,Year,Mileage,Condition,Price
Ford,Silverado,2022.0,18107.0,Excellent,19094.75
Toyota,Silverado,2014.0,13578.0,Excellent,27321.1
Chevrolet,Civic,2016.0,46054.0,Good,23697.3
Ford,Civic,2022.0,34981.0,Excellent,18251.05
Chevrolet,Civic,2019.0,63565.0,Excellent,19821.85
Ford,Silverado,2013.0,23600.0,Excellent,27820.0
Chevrolet,Silverado,2015.0,89471.0,Good,22526.55
Ford,Camry,2014.0,121298.0,Good,21935.1
Ford,Altima,2016.0,110691.0,Excellent,20465.45
Toyota,Altima,2019.0,112693.0,Excellent,17365.449999999997
Nissan,Silverado,2016.0,101914.0,Good,20904.4
Toyota,Silverado,2012.0,79902.0,Excellent,26005.0
Chevrolet,Silverado,2021.0,97489.0,Excellent,16125.65
Toyota,F-150,2014.0,72976.0,Excellent,24351.3
Ford,F-150,2022.0,40633.0,Good,17968.35
Chevrolet,F-150,2017.0,48281.0,Fair,22586.05
Nissan,Altima,2020.0,33054.0,Good,20347.4
Chevrolet,Camry,2010.0,121446.0,Excellent,25927.8
Nissan,Civic,2013.0,61672.0,Good,25916.4
Ford,Silverado,2015.0,126395.0,Good,20680.35
Nissan,Camry,2021.0,119784.0,Excellent,15010.8
Nissan,Altima,2020.0,100665.0,Good,16966.65
Ford,Civic,2010.0,66951.0,Excellent,28652.45
Toyota,F-150,2017.0,65559.0,Excellent,21722.15
Ford,Silverado,2018.0,69109.0,Excellent,20544.55
Ford,Camry,2013.0,75631.0,Good,25218.55
Honda,Civic,2022.0,34080.0,Excellent,18296.0
Honda,F-150,2011.0,134672.0,Fair,24266.5
Honda,F-150,2011.0,54295.0,Excellent,28285.25
Ford,Altima,2022.0,20693.0,Excellent,18965.45
Honda,Camry,2010.0,63740.0,Excellent,28813.1
Toyota,Silverado,2019.0,117503.0,Good,17124.949999999997
Chevrolet,Camry,2017.0,81466.0,Excellent,20926.8
Chevrolet,Altima,2013.0,106330.0,Excellent,23683.4
Chevrolet,F-150,2020.0,43785.0,Excellent,19810.75
Chevrolet,Silverado,2013.0,102118.0,Excellent,23894.1
Nissan,Camry,2013.0,96202.0,Excellent,24189.9
Chevrolet,Civic,2019.0,133627.0,Fair,16318.75
Toyota,Civic,2020.0,131994.0,Excellent,15400.4
Ford,Camry,2022.0,38705.0,Fair,18064.85
Honda,Silverado,2016.0,69108.0,Fair,22544.7
Toyota,F-150,2013.0,53165.0,Fair,26341.85
Ford,Camry,2010.0,105649.0,Excellent,26717.55
Toyota,Altima,2014.0,72408.0,Good,24379.6
Toyota,Civic,2014.0,88835.0,Good,23558.35
Honda,Civic,2022.0,17332.0,Excellent,19133.5
Toyota,F-150,2010.0,123884.0,Excellent,25805.7
Honda,Camry,2018.0,40238.0,Excellent,21988.2
Toyota,Altima,2021.0,36817.0,Excellent,19159.15
Toyota,Altima,2017.0,44880.0,Excellent,22756.1
Nissan,Silverado,2016.0,77083.0,Excellent,22145.85
Nissan,Altima,2011.0,33565.0,Excellent,29321.65
Ford,Camry,2012.0,36404.0,Excellent,28179.8
Toyota,Civic,2019.0,81972.0,Good,18901.5
Toyota,Civic,2018.0,90846.0,Good,19457.8
Toyota,Silverado,2020.0,54542.0,Excellent,19272.9
Chevrolet,Camry,2019.0,16493.0,Excellent,22175.45
Honda,Civic,2012.0,99506.0,Excellent,25024.7
Ford,Camry,2012.0,38647.0,Fair,28067.75
Nissan,F-150,2018.0,103960.0,Excellent,18802.1
Ford,F-150,2017.0,132338.0,Excellent,18383.1
Honda,Silverado,2014.0,68639.0,Excellent,24568.15
Honda,Camry,2014.0,56311.0,Good,25184.35
Ford,Camry,2012.0,102278.0,Good,24886.0
Ford,Altima,2015.0,35930.0,Good,25203.5
Toyota,Civic,2016.0,96869.0,Fair,21156.45
Chevrolet,F-150,2010.0,87051.0,Good,27647.35
Ford,Camry,2020.0,46163.0,Excellent,19691.75
Honda,F-150,2017.0,119991.0,Good,19000.55
Ford,Altima,2017.0,135196.0,Good,18240.3
Nissan,Altima,2018.0,23116.0,Excellent,22844.3
Chevrolet,Altima,2018.0,66236.0,Excellent,20688.2
Toyota,F-150,2010.0,144751.0,Excellent,24762.45
Toyota,F-150,2017.0,101000.0,Excellent,19949.9
Honda,Civic,2016.0,27511.0,Excellent,24624.45
Chevrolet,Civic,2020.0,14488.0,Excellent,21275.6
Nissan,Silverado,,105493.0,Excellent,15725.45
Nissan,Camry,2013.0,58378.0,Good,26081.2
Toyota,Altima,2013.0,119427.0,Excellent,23028.65
Honda,Silverado,2016.0,119802.0,Excellent,20010.0
Toyota,Altima,2012.0,141113.0,Good,22944.45
Toyota,Silverado,2011.0,146622.0,Excellent,23669.0
Honda,Altima,2018.0,79364.0,Excellent,20031.9
Chevrolet,Silverado,2015.0,141793.0,Excellent,19910.45
Chevrolet,Silverado,2021.0,70347.0,Good,17482.550000000003
Chevrolet,Civic,2011.0,68245.0,Good,27587.65
Chevrolet,F-150,2017.0,83613.0,Excellent,20819.45
Nissan,Altima,2018.0,133106.0,Good,17344.8
Toyota,F-150,2013.0,119617.0,Fair,23019.050000000003
Ford,F-150,2015.0,57207.0,Excellent,24139.65
Nissan,Altima,2010.0,52477.0,Excellent,29376.15
Nissan,F-150,2020.0,37978.0,Excellent,20101.1
Nissan,Civic,2015.0,53814.0,Excellent,24309.4
Ford,Civic,2022.0,44885.0,Excellent,17755.85
Nissan,F-150,2017.0,50778.0,Excellent,22461.1
Nissan,Silverado,2011.0,,Good,27498.15
Nissan,F-150,2012.0,89140.0,Good,25543.1
Toyota,Altima,2018.0,43774.0,Excellent,21811.4
Chevrolet,Civic,2011.0,22840.0,Excellent,29857.9
Ford,Altima,2011.0,76361.0,Good,27182.05
Nissan,Camry,2010.0,82212.0,Good,27889.4
Chevrolet,Civic,2022.0,113433.0,Excellent,14328.45
Toyota,Camry,2019.0,69114.0,Fair,19544.4
Honda,Camry,2011.0,144023.0,Fair,23798.95
Honda,Camry,2017.0,28625.0,Excellent,23568.85
Honda,Altima,2020.0,108484.0,Excellent,16575.899999999998
Ford,Civic,,119922.0,Excellent,22004.0
Honda,F-150,2014.0,46654.0,Good,25667.3
Chevrolet,F-150,2011.0,98362.0,Good,26082.0
Ford,Camry,2022.0,74707.0,Good,16264.65
Chevrolet,F-150,2020.0,75798.0,Excellent,18210.1
Chevrolet,Civic,,73758.0,Excellent,18312.0
Toyota,Silverado,2012.0,22391.0,Excellent,28880.45
Toyota,Camry,2021.0,85415.0,Good,16729.15
Chevrolet,Altima,2021.0,114819.0,Good,15258.95
Toyota,Altima,2012.0,121983.0,Excellent,23900.95
Ford,Silverado,2011.0,86608.0,Excellent,26669.6
Ford,Civic,2017.0,26893.0,Excellent,23655.45
Nissan,Silverado,2022.0,57948.0,Excellent,17102.699999999997
Toyota,Camry,2019.0,116033.0,Excellent,17198.449999999997
Ford,Altima,2022.0,57614.0,Good,17119.399999999998
Nissan,F-150,2011.0,94477.0,Excellent,26276.15
Honda,Silverado,2016.0,79418.0,Excellent,22029.2
Toyota,F-150,2017.0,117603.0,Good,19119.95
Nissan,Silverado,2012.0,56035.0,Fair,27198.35
Nissan,Civic,2020.0,31617.0,Excellent,20419.25
Honda,Camry,2010.0,111314.0,Good,26434.4
Nissan,Camry,2015.0,93694.0,Good,22315.4
Chevrolet,Altima,2020.0,97649.0,Excellent,17117.649999999998
Chevrolet,Altima,2010.0,143341.0,Good,24832.85
Honda,F-150,2020.0,49271.0,Good,19536.45
Toyota,F-150,2019.0,78634.0,Excellent,19068.3
Nissan,Silverado,2011.0,77599.0,Good,27120.15
Toyota,Altima,2022.0,110727.0,Fair,14463.65
Ford,Camry,2016.0,113300.0,Excellent,20335.0
Toyota,Civic,2018.0,66884.0,Excellent,20655.9
Nissan,Altima,2012.0,23004.0,Good,28849.8
Nissan,Altima,2013.0,39951.0,Excellent,27002.55
Ford,Silverado,2018.0,130659.0,Excellent,17467.05
Ford,Silverado,2015.0,127075.0,Excellent,20646.15
Ford,F-150,2020.0,20087.0,Excellent,20995.75
Toyota,Civic,2017.0,67872.0,Excellent,21606.4
Ford,Silverado,2012.0,80614.0,Fair,25969.4
Chevrolet,Altima,2013.0,126240.0,Excellent,22688.1
Nissan,Camry,2010.0,44176.0,Excellent,29791.3
Ford,Silverado,2011.0,61439.0,Excellent,27928.15
Chevrolet,Camry,2022.0,33301.0,Excellent,18335.05
Nissan,Civic,2015.0,22701.0,Good,25864.95
Nissan,Camry,2019.0,88786.0,Excellent,18560.8
Honda,Silverado,2013.0,131297.0,Excellent,22435.15
Chevrolet,F-150,2010.0,127915.0,Excellent,25604.35
Toyota,Camry,2010.0,89811.0,Fair,27509.55
Chevrolet,F-150,2016.0,26015.0,Good,24699.35
Toyota,Silverado,2019.0,60439.0,Excellent,19978.05
Ford,Civic,2018.0,62889.0,Good,20855.55
Chevrolet,Civic,2014.0,15780.0,Excellent,27211.1
Honda,Silverado,2021.0,119069.0,Excellent,15046.65
Chevrolet,Silverado,2016.0,49785.0,Excellent,23510.85
Nissan,Camry,2011.0,29605.0,Fair,29519.85
Nissan,Silverado,2011.0,118725.0,Excellent,25063.85
Chevrolet,F-150,2013.0,29419.0,Excellent,27529.15
Nissan,Silverado,2018.0,137243.0,Fair,17137.949999999997
Ford,Civic,2015.0,94655.0,Good,22267.25
Ford,F-150,2021.0,77019.0,Excellent,17148.95
Chevrolet,F-150,2010.0,63956.0,Good,28802.3
Honda,Civic,2019.0,49430.0,Excellent,20528.5
Nissan,Civic,2019.0,88161.0,Excellent,18591.95
Honda,Silverado,2021.0,96829.0,Excellent,16158.65
Honda,F-150,2022.0,59978.0,Fair,17001.199999999997
Ford,Silverado,2016.0,13887.0,Good,25305.65
Honda,F-150,2019.0,72274.0,Excellent,19386.4
Ford,Civic,2020.0,107666.0,Fair,16616.8
Toyota,Civic,2015.0,127814.0,Excellent,20609.4
Toyota,F-150,2020.0,44070.0,Excellent,19796.6
Toyota,F-150,2010.0,111984.0,Excellent,26400.9
Nissan,Civic,2016.0,64951.0,Excellent,22752.55
Toyota,Civic,2016.0,14614.0,Excellent,25269.4
Chevrolet,Civic,2018.0,48931.0,Excellent,21553.55
Toyota,F-150,2012.0,129019.0,Excellent,23549.05
Toyota,Silverado,2013.0,127266.0,Good,22636.8
Nissan,F-150,2016.0,,Good,23561.9
Toyota,Altima,2016.0,137717.0,Good,19114.25
Toyota,F-150,2015.0,116517.0,Good,21174.25
Honda,Altima,2020.0,35657.0,Fair,20217.25
Nissan,F-150,2016.0,,Excellent,21025.55
Ford,F-150,2019.0,126402.0,Excellent,16680.0
Honda,Altima,2014.0,101720.0,Excellent,22914.0
Toyota,Camry,2015.0,24020.0,Excellent,25799.1
Chevrolet,Civic,2020.0,,Excellent,16188.95
Ford,Silverado,2019.0,131090.0,Excellent,16445.5
Chevrolet,Altima,2022.0,14891.0,Fair,19255.55
Ford,F-150,2016.0,,Excellent,23751.2
Nissan,Civic,2019.0,27588.0,Good,21620.7
Honda,Silverado,2014.0,18854.0,Good,27057.3
Nissan,Camry,2019.0,63399.0,Excellent,19830.15
Chevrolet,F-150,2011.0,128100.0,Excellent,24595.1
Honda,F-150,2014.0,145225.0,Excellent,20738.75
Toyota,Camry,2011.0,144456.0,Excellent,23777.1
Nissan,Camry,2015.0,98839.0,Excellent,22058.15
Ford,F-150,2011.0,128863.0,Fair,24556.95
Ford,F-150,2019.0,122685.0,Excellent,16865.75
Chevrolet,Camry,2019.0,106227.0,Good,17688.65
Chevrolet,Civic,2011.0,30366.0,Fair,29481.7
Ford,Altima,2017.0,109535.0,Excellent,19523.25
Toyota,Altima,2021.0,136052.0,Fair,14197.5
Ford,Camry,2017.0,71493.0,Excellent,21425.45
Ford,F-150,2013.0,64742.0,Excellent,25763.0
Nissan,Camry,2013.0,29720.0,Excellent,27514.0
Nissan,Camry,2019.0,38797.0,Excellent,21060.25
Toyota,Altima,2015.0,76373.0,Excellent,23181.35
Honda,Altima,2017.0,22255.0,Excellent,23887.35
Toyota,F-150,2016.0,15027.0,Good,25248.75
Toyota,Civic,2019.0,44445.0,Good,20777.85
Honda,Silverado,2020.0,105729.0,Excellent,16713.649999999998
Chevrolet,Altima,2021.0,128974.0,Excellent,14551.3
Chevrolet,Silverado,2011.0,79307.0,Good,27034.65
Nissan,Camry,2014.0,74491.0,Excellent,24275.55
Honda,Altima,2012.0,105128.0,Good,24743.7
Nissan,F-150,2013.0,49149.0,Good,26542.65
Ford,Camry,2015.0,97393.0,Excellent,22130.45
Chevrolet,Altima,2021.0,51669.0,Excellent,18416.65
Toyota,Altima,2012.0,,Excellent,22713.45
Nissan,Camry,2012.0,31349.0,Excellent,28432.65
Honda,Silverado,,59912.0,Good,19004.5
Ford,F-150,2013.0,42090.0,Good,26895.6
Nissan,F-150,2015.0,57147.0,Excellent,24142.75
Nissan,Altima,2017.0,56782.0,Good,22160.9
Nissan,Silverado,2014.0,14405.0,Excellent,27279.85
Ford,Civic,2011.0,144382.0,Excellent,23781.0
Ford,Civic,2019.0,98392.0,Good,18080.4
Ford,Civic,2021.0,78264.0,Fair,17086.8
Chevrolet,Civic,2019.0,63972.0,Excellent,19801.5
Nissan,Silverado,2020.0,94694.0,Excellent,17265.399999999998
Honda,Camry,2010.0,104044.0,Excellent,26797.8
Ford,Altima,2021.0,123549.0,Excellent,14822.65
Nissan,Civic,2021.0,57139.0,Good,18143.15
Toyota,Silverado,2015.0,17004.0,Good,26149.9
Chevrolet,Altima,2014.0,73885.0,Excellent,24305.85
Toyota,Silverado,2012.0,93543.0,Excellent,25322.95
Toyota,Silverado,2018.0,96735.0,Excellent,19163.35
Toyota,Altima,,105618.0,Good,19719.2
Chevrolet,Camry,2011.0,65729.0,Good,27713.55
Ford,Camry,2016.0,99676.0,Excellent,21016.3
Honda,F-150,2013.0,135326.0,Good,22233.8
Nissan,F-150,2010.0,50011.0,Good,29499.45
Ford,Altima,2015.0,31804.0,Excellent,25409.9
Nissan,F-150,2015.0,103452.0,Excellent,21827.5
Nissan,Silverado,2018.0,81973.0,Fair,19901.35
Ford,Civic,2020.0,68319.0,Excellent,18584.15
Ford,Civic,2010.0,51796.0,Fair,29410.3
Toyota,Silverado,2011.0,73851.0,Good,27307.55
Toyota,Silverado,2022.0,56697.0,Good,17165.25
Honda,Civic,2011.0,117131.0,Good,25143.45
Honda,Silverado,2015.0,48441.0,Good,24577.95
Honda,Silverado,2013.0,26857.0,Good,27657.15
Toyota,Silverado,2015.0,133560.0,Excellent,20322.1
Honda,Civic,2015.0,143862.0,Excellent,19806.9
Nissan,Silverado,2011.0,137159.0,Fair,24142.15
Nissan,Camry,2015.0,69944.0,Good,23502.7
Nissan,Altima,2013.0,78616.0,Good,25069.3
Honda,Camry,2011.0,98208.0,Fair,26089.5
Honda,Altima,2014.0,67624.0,Excellent,24618.7
Nissan,Civic,2021.0,106793.0,Excellent,15660.45
Nissan,Silverado,2014.0,39631.0,Excellent,26018.55
Chevrolet,Silverado,2016.0,116407.0,Good,20179.75
Nissan,F-150,2010.0,48764.0,Good,29561.9
Ford,Camry,2014.0,128951.0,Good,21552.55
Honda,Silverado,2021.0,29624.0,Excellent,19518.9
Ford,Altima,2011.0,122440.0,Fair,24878.1
Chevrolet,Camry,2012.0,47357.0,Excellent,27632.15
Honda,Camry,2015.0,97155.0,Fair,22142.35
Chevrolet,Camry,2019.0,47483.0,Excellent,20625.95
Honda,Civic,2016.0,118154.0,Good,20092.3
Toyota,Altima,2021.0,129563.0,Excellent,14521.85
Honda,F-150,2013.0,107377.0,Good,23631.15
Ford,Silverado,2017.0,93016.0,Good,20349.2
Nissan,Civic,2021.0,117283.0,Excellent,15135.95
Honda,Altima,2019.0,17700.0,Excellent,22115.1
Ford,Civic,2012.0,72515.0,Excellent,26374.35
Nissan,Civic,2019.0,117574.0,Excellent,17121.3
Chevrolet,F-150,2021.0,48316.0,Excellent,18584.3
Chevrolet,Altima,2014.0,76270.0,Fair,24186.6
Honda,F-150,2022.0,77705.0,Good,16114.85
Honda,Silverado,2015.0,81927.0,Excellent,22903.75
Toyota,F-150,2014.0,57872.0,Good,25106.4
Honda,Silverado,2014.0,89643.0,Excellent,23517.95
Nissan,Civic,2021.0,41393.0,Fair,18930.45
Honda,F-150,2012.0,131779.0,Fair,23411.15
Nissan,Altima,,45636.0,Excellent,21718.2
Chevrolet,Camry,2016.0,51005.0,Excellent,23449.85
Nissan,Civic,2017.0,80534.0,Excellent,20973.3
Nissan,Silverado,2022.0,83667.0,Good,15816.65
Honda,Camry,2019.0,24396.0,Good,21780.3
Toyota,Altima,2017.0,133563.0,Good,18321.95
Toyota,Altima,2019.0,35960.0,Excellent,21202.0
Toyota,Camry,2018.0,127007.0,Fair,17649.75
Chevrolet,Altima,2011.0,112332.0,Excellent,25383.5
Nissan,F-150,2018.0,23963.0,Excellent,22801.95
Chevrolet,F-150,2018.0,102496.0,Excellent,18875.2
Nissan,Civic,2011.0,98379.0,Good,26081.05
Nissan,Silverado,2013.0,79668.0,Excellent,25016.7
Ford,Altima,2022.0,77020.0,Good,16149.1
Chevrolet,F-150,2022.0,26242.0,Excellent,18687.9
Nissan,Civic,2019.0,93552.0,Excellent,18322.4
Chevrolet,Camry,2019.0,97616.0,Fair,18119.3
Toyota,Camry,2016.0,127326.0,Excellent,19633.7
Chevrolet,Silverado,2011.0,29379.0,Excellent,29531.15
Toyota,Camry,2019.0,132258.0,Excellent,16387.199999999997
Ford,Altima,2012.0,26858.0,Excellent,28657.2
Toyota,Silverado,2019.0,132549.0,Excellent,16372.65
Honda,Camry,2017.0,137062.0,Fair,18147.0
Nissan,Altima,2014.0,102123.0,Fair,22893.95
Nissan,Camry,2022.0,87290.0,Good,15635.6
Toyota,Altima,2017.0,137604.0,Good,18119.9
Nissan,Altima,2016.0,61257.0,Excellent,22937.25
Toyota,Civic,2011.0,68325.0,Excellent,27583.75
Toyota,Civic,2020.0,94847.0,Good,17257.75
Honda,Civic,2014.0,131078.0,Fair,21446.2
Toyota,F-150,2019.0,52450.0,Fair,20377.6
Chevrolet,Camry,2016.0,13492.0,Excellent,25325.5
Ford,Silverado,2020.0,16317.0,Good,21184.25
Honda,F-150,2019.0,79262.0,Excellent,19037.0
Honda,Civic,2011.0,51775.0,Excellent,28411.35
Chevrolet,Altima,2017.0,21717.0,Excellent,23914.25
Toyota,Camry,2021.0,105673.0,Excellent,15716.45
Ford,Civic,2019.0,13424.0,Excellent,22328.8
Nissan,Silverado,2011.0,32459.0,Fair,29377.05
Chevrolet,Altima,2019.0,105923.0,Excellent,17703.949999999997
Ford,Altima,2016.0,91947.0,Excellent,21402.65
Ford,Altima,2013.0,58045.0,Excellent,26097.85
Honda,Camry,2016.0,125517.0,Excellent,19724.15
Toyota,Civic,2019.0,126523.0,Excellent,16673.949999999997
Toyota,Silverado,2014.0,118261.0,Excellent,22087.05
Honda,Silverado,2014.0,72376.0,Excellent,24381.1
Honda,Silverado,2013.0,142970.0,Excellent,21851.6
Honda,Camry,2012.0,140853.0,Excellent,22957.45
Nissan,Camry,2015.0,75691.0,Excellent,23215.55
Honda,Silverado,2016.0,100367.0,Good,20981.75
Toyota,Altima,2020.0,37051.0,Excellent,20147.45
Ford,Silverado,2018.0,141756.0,Excellent,16912.3
Toyota,Civic,2018.0,59531.0,Excellent,21023.55
Chevrolet,F-150,2019.0,46696.0,Excellent,20665.1
Chevrolet,Civic,2016.0,66677.0,Good,22666.25
Nissan,F-150,2016.0,39911.0,Good,24004.55
Toyota,Silverado,2021.0,42395.0,Excellent,18880.35
Honda,Silverado,2013.0,28141.0,Excellent,27592.95
Honda,Altima,2020.0,103522.0,Excellent,16823.9
Ford,Camry,2017.0,120980.0,Fair,18951.1
Ford,F-150,2020.0,123309.0,Excellent,15834.55
Chevrolet,F-150,2020.0,132448.0,Fair,15377.6
Chevrolet,Camry,2018.0,52704.0,Good,21364.8
Ford,Altima,2019.0,84918.0,Excellent,18754.1
Chevrolet,Altima,2014.0,138012.0,Excellent,21099.300000000003
Ford,Camry,,118435.0,Excellent,18078.35
Toyota,Altima,2020.0,121125.0,Excellent,15943.75
Ford,Civic,2014.0,44962.0,Excellent,25752.0
Toyota,Silverado,2012.0,57881.0,Good,27105.95
Honda,Silverado,2016.0,130595.0,Good,19470.15
Honda,Silverado,2019.0,86855.0,Fair,18657.35
Ford,F-150,2018.0,42669.0,Excellent,21866.55
Ford,Camry,2019.0,127210.0,Excellent,16639.5
Ford,Silverado,2022.0,111694.0,Good,14415.4
Chevrolet,Camry,2010.0,50056.0,Excellent,29497.3
Ford,Silverado,2011.0,102294.0,Fair,25885.4
Ford,Civic,2017.0,23363.0,Excellent,23831.85
Toyota,Altima,2011.0,30166.0,Excellent,29491.8
Chevrolet,Camry,2021.0,106594.0,Excellent,15670.4
Ford,Silverado,2016.0,48490.0,Good,23575.4
Ford,Silverado,2010.0,,Excellent,27336.55
Ford,Silverado,2017.0,40831.0,Good,22958.55
Nissan,Silverado,2018.0,86192.0,Excellent,19690.5
Chevrolet,Silverado,2014.0,44619.0,Excellent,25769.05
Ford,Civic,2022.0,25928.0,Excellent,18703.7
Nissan,Camry,2013.0,43433.0,Good,26828.35
Nissan,Altima,2011.0,60548.0,Good,27972.7
Honda,Altima,2014.0,90224.0,Good,23488.7
Toyota,Altima,2010.0,51134.0,Good,29443.4
Honda,Silverado,2017.0,63390.0,Excellent,21830.5
Toyota,F-150,2021.0,18104.0,Excellent,20094.7
Nissan,Civic,2016.0,89158.0,Fair,21542.1
Chevrolet,Silverado,2021.0,30611.0,Excellent,19469.45
Chevrolet,Camry,2014.0,121589.0,Excellent,21920.65
Chevrolet,Camry,2019.0,34918.0,Good,21254.2
Toyota,F-150,2020.0,99917.0,Fair,17004.15
Honda,Altima,2014.0,58887.0,Excellent,25055.550000000003
Nissan,Altima,2021.0,101862.0,Excellent,15907.0
Honda,Camry,2014.0,51798.0,Excellent,25410.2
Honda,Altima,2016.0,101123.0,Excellent,20943.95
Honda,Camry,2013.0,17912.0,Excellent,28104.300000000003
Ford,Civic,2019.0,36297.0,Good,21185.15
Honda,Altima,2012.0,40442.0,Good,27978.0
Honda,Camry,2011.0,19491.0,Good,30025.55
Toyota,Camry,2019.0,31246.0,Excellent,21437.8
Chevrolet,Camry,2010.0,97733.0,Good,27113.35
Honda,Altima,2011.0,28108.0,Good,29594.5
Toyota,Civic,2010.0,59668.0,Excellent,29016.7
Honda,Altima,2011.0,58163.0,Good,28091.85
Honda,Altima,2022.0,60927.0,Excellent,16953.65
Chevrolet,Silverado,2014.0,22980.0,Fair,26851.1
Honda,Camry,2014.0,19437.0,Good,27028.15
Chevrolet,Civic,2013.0,46895.0,Good,26655.35
Chevrolet,Silverado,2015.0,27971.0,Excellent,25601.45
Honda,Silverado,2022.0,23865.0,Fair,18806.85
Chevrolet,F-150,2021.0,102564.0,Excellent,15871.9
Chevrolet,Camry,2011.0,134783.0,Fair,24260.95
Chevrolet,F-150,2020.0,133725.0,Good,15313.85
Toyota,Silverado,2015.0,136557.0,Good,20172.15
Nissan,Altima,2019.0,93735.0,Good,18313.35
Toyota,Camry,2010.0,124705.0,Excellent,25764.85
Nissan,Silverado,2011.0,121548.0,Excellent,24922.5
Toyota,Camry,2019.0,144647.0,Excellent,15767.75
Toyota,Camry,2012.0,71281.0,Good,26436.05
Nissan,Silverado,2020.0,103321.0,Good,16834.05
Ford,Camry,2014.0,110462.0,Good,22477.0
Ford,Altima,,99189.0,Fair,25040.65
Ford,Silverado,2022.0,19645.0,Excellent,19017.65
Ford,F-150,2012.0,71988.0,Excellent,26400.5
Chevrolet,F-150,2011.0,27303.0,Good,29634.95
Chevrolet,Camry,2010.0,99101.0,Excellent,27044.95
Chevrolet,Camry,2016.0,71865.0,Excellent,22406.65
Chevrolet,Altima,2013.0,120835.0,Good,22958.35
Ford,Camry,2011.0,123679.0,Fair,24816.15
Ford,Silverado,2013.0,114176.0,Excellent,23291.2
Ford,Camry,2021.0,14029.0,Fair,20298.45
Ford,F-150,2019.0,42231.0,Excellent,20888.55
Nissan,Camry,2018.0,27069.0,Good,22646.65
Honda,Silverado,2017.0,70771.0,Excellent,21461.55
Honda,Altima,2018.0,89682.0,Excellent,19515.9
Chevrolet,F-150,2016.0,70317.0,Excellent,22484.25
Chevrolet,Silverado,2020.0,37236.0,Excellent,20138.2
Honda,Silverado,2019.0,63167.0,Excellent,19841.65
Nissan,Civic,2016.0,127662.0,Excellent,19617.0
Toyota,Civic,2010.0,105765.0,Excellent,26711.85
Honda,F-150,2016.0,46605.0,Excellent,23669.85
Honda,Altima,2010.0,109918.0,Excellent,26504.2
Honda,F-150,2015.0,44741.0,Excellent,24763.05
Chevrolet,Altima,2020.0,64646.0,Fair,18767.8
Chevrolet,Silverado,2019.0,130681.0,Excellent,16465.95
Chevrolet,Civic,2021.0,121983.0,Good,14900.749999999998
Toyota,Altima,2016.0,12869.0,Excellent,25356.65
Nissan,Civic,2010.0,74570.0,Excellent,28271.5
Honda,Camry,2016.0,125259.0,Fair,19737.05
Ford,F-150,2019.0,22474.0,Excellent,21876.4
Ford,Camry,2018.0,17053.0,Fair,23147.45
Nissan,Civic,2021.0,122651.0,Good,14867.55
Honda,Silverado,2021.0,130042.0,Good,14498.0
Honda,F-150,2013.0,33515.0,Excellent,27324.25
Ford,Altima,2012.0,101831.0,Excellent,24908.55
Ford,Civic,2021.0,30893.0,Excellent,19455.35
Chevrolet,F-150,2014.0,33760.0,Good,26312.1
Honda,Silverado,2018.0,53638.0,Good,21318.2
Ford,Altima,2010.0,134717.0,Excellent,25264.15
Toyota,Civic,2017.0,70870.0,Fair,21456.6
Chevrolet,Altima,2018.0,40594.0,Good,21970.4
Toyota,Silverado,2014.0,,Fair,26793.6
Toyota,Altima,2020.0,65285.0,Good,18735.85
Chevrolet,Camry,2017.0,22334.0,Excellent,23883.4
Nissan,Altima,2011.0,90734.0,Good,26463.4
Ford,Silverado,2012.0,129184.0,Excellent,23540.9
Honda,Altima,2019.0,71338.0,Excellent,19433.2
Toyota,Silverado,2015.0,120720.0,Fair,20964.1
Toyota,Civic,2012.0,132012.0,Good,23399.4
Nissan,Silverado,2014.0,,Excellent,25249.95
Honda,Silverado,2012.0,140142.0,Excellent,22993.0
Nissan,Camry,2022.0,62974.0,Fair,16851.2
Toyota,Camry,,87569.0,Excellent,20621.65
Toyota,Civic,2021.0,98158.0,Excellent,16092.2
Ford,Silverado,2016.0,101330.0,Good,20933.4
Toyota,F-150,2011.0,87729.0,Excellent,26613.55
Honda,Altima,2016.0,46914.0,Excellent,23654.4
Ford,F-150,2014.0,27120.0,Excellent,26644.1
Ford,Camry,2017.0,55739.0,Good,22213.05
Nissan,Camry,2015.0,,Good,20421.95
Honda,Altima,2021.0,118937.0,Good,15053.15
Nissan,F-150,2013.0,109321.0,Excellent,23533.95
Chevrolet,Camry,2020.0,29755.0,Good,20512.25
Nissan,Camry,2020.0,25872.0,Excellent,20706.4
Chevrolet,Silverado,2019.0,63271.0,Fair,19836.55
Chevrolet,F-150,2010.0,52941.0,Excellent,29353.05
Toyota,Altima,2014.0,119129.0,Excellent,22043.55
Toyota,Altima,2022.0,50136.0,Good,17493.3
Toyota,Civic,2018.0,42073.0,Excellent,21896.35
Nissan,F-150,2017.0,37884.0,Fair,23105.8
Ford,Silverado,2021.0,89782.0,Excellent,16511.0
Chevrolet,Camry,2018.0,127513.0,Excellent,17624.35
Chevrolet,Silverado,2017.0,42364.0,Excellent,22881.8
Toyota,Camry,2014.0,57943.0,Good,25102.85
Ford,F-150,2014.0,135770.0,Good,21211.6
Nissan,Altima,2015.0,77740.0,Excellent,23113.0
Chevrolet,Silverado,2012.0,26940.0,Good,28653.1
Ford,Camry,2014.0,36210.0,Good,26189.5
Chevrolet,F-150,2017.0,66819.0,Excellent,21659.15
Nissan,Camry,2014.0,43424.0,Fair,25828.9
Honda,Camry,2017.0,103903.0,Good,19804.85
Nissan,Silverado,2021.0,98401.0,Good,16079.95
Ford,F-150,2016.0,28225.0,Good,24588.75
Toyota,Altima,2015.0,65064.0,Excellent,23746.9
Chevrolet,Altima,2011.0,69323.0,Good,27533.85
Chevrolet,F-150,2015.0,26418.0,Fair,25679.2
Nissan,Civic,2015.0,32282.0,Excellent,25385.9
Toyota,Camry,2011.0,134292.0,Good,24285.4
Ford,Civic,2010.0,121868.0,Excellent,25906.6
Ford,Silverado,2011.0,106621.0,Excellent,25669.05
Honda,Silverado,2022.0,28261.0,Good,18586.95
Nissan,F-150,2010.0,42099.0,Good,29895.05
Honda,Civic,2020.0,28846.0,Fair,20557.8
Toyota,Silverado,2010.0,123140.0,Fair,25842.9
Chevrolet,Civic,2015.0,120715.0,Excellent,20964.25
Ford,Civic,2013.0,56750.0,Fair,26162.6
Chevrolet,Civic,2018.0,61510.0,Good,20924.6
Ford,Civic,2022.0,54507.0,Excellent,17274.65
Honda,Civic,2018.0,78256.0,Excellent,20087.3
Ford,F-150,,99084.0,Excellent,22045.9
Nissan,Camry,2015.0,51625.0,Excellent,24418.85
Nissan,Camry,2022.0,73222.0,Fair,16338.9
Toyota,F-150,2015.0,49624.0,Excellent,24518.9
Honda,Silverado,2021.0,81288.0,Good,16935.699999999997
Nissan,Silverado,2014.0,133552.0,Excellent,21322.5
Chevrolet,Altima,2022.0,85718.0,Excellent,15714.2
Honda,Civic,2018.0,136822.0,Excellent,17159.0
Chevrolet,Altima,2010.0,100958.0,Excellent,26952.2
Honda,Civic,2022.0,110420.0,Good,14479.1
Chevrolet,Camry,2018.0,112050.0,Excellent,18397.6
Honda,F-150,2015.0,24487.0,Fair,25775.75
Toyota,Altima,2021.0,82355.0,Good,16882.35
Ford,Camry,2016.0,114976.0,Good,20251.3
Honda,Altima,2021.0,31087.0,Excellent,19445.65
Chevrolet,Silverado,2018.0,65155.0,Good,20742.25
Chevrolet,Altima,2022.0,87360.0,Good,15631.9
Chevrolet,F-150,2022.0,83446.0,Good,15827.7
Nissan,Camry,2018.0,144159.0,Excellent,16792.149999999998
Ford,Camry,2021.0,126747.0,Excellent,14662.75
Ford,Silverado,2014.0,105007.0,Excellent,22749.75
Honda,Altima,2010.0,131693.0,Excellent,25415.45
Chevrolet,Camry,2010.0,,Excellent,28792.25
Ford,Altima,2014.0,56259.0,Good,25187.15
Toyota,Altima,2010.0,70775.0,Excellent,28461.35
Chevrolet,Camry,2017.0,35981.0,Excellent,23201.05
Chevrolet,Silverado,2016.0,52022.0,Excellent,23398.9
Chevrolet,Altima,2014.0,87329.0,Good,23633.55
Honda,F-150,2011.0,35805.0,Excellent,29209.85
Nissan,Civic,2015.0,91550.0,Good,22422.6
Chevrolet,Altima,2020.0,125852.0,Excellent,15707.4
Nissan,Altima,2013.0,29419.0,Excellent,27529.15
Toyota,Altima,2017.0,82000.0,Excellent,20900.1
Chevrolet,Civic,2016.0,93459.0,Good,21327.15
Honda,Civic,2018.0,27846.0,Excellent,22607.6
Nissan,Camry,2018.0,13723.0,Excellent,23313.85
Toyota,Camry,2011.0,143351.0,Excellent,23832.55
Toyota,Civic,2015.0,80511.0,Excellent,22974.55
Honda,Civic,2022.0,98546.0,Good,15072.7
Honda,Altima,2022.0,66060.0,Excellent,16697.1
Chevrolet,F-150,2010.0,129583.0,Excellent,25520.85
Ford,F-150,2019.0,24578.0,Good,21771.2
Chevrolet,Civic,2014.0,52705.0,Excellent,25364.85
Toyota,Altima,2012.0,39118.0,Excellent,28044.2
Toyota,Altima,2012.0,139087.0,Excellent,23045.75
Toyota,Silverado,2016.0,129611.0,Fair,19519.45
Chevrolet,F-150,2014.0,82880.0,Excellent,23856.1
Nissan,Altima,2017.0,105416.0,Excellent,19729.2
Ford,F-150,2012.0,134181.0,Good,23291.05
Toyota,Civic,2016.0,80795.0,Excellent,21960.25
Honda,Silverado,2014.0,21339.0,Excellent,26933.15
Nissan,F-150,2013.0,48480.0,Good,26576.1
Chevrolet,Silverado,2012.0,133111.0,Good,23344.55
Honda,Silverado,2012.0,112469.0,Good,24376.65
Nissan,Silverado,2012.0,73578.0,Excellent,26321.2
Ford,Altima,2011.0,118056.0,Excellent,25097.3
Toyota,Camry,2011.0,57879.0,Excellent,28105.95
Nissan,Camry,2018.0,65718.0,Excellent,20714.1
Nissan,F-150,2021.0,60272.0,Fair,17986.5
Nissan,Camry,2010.0,54344.0,Excellent,29282.7
Chevrolet,Silverado,2014.0,106646.0,Good,22667.7
Chevrolet,Civic,2013.0,66247.0,Good,25687.75
Chevrolet,F-150,2021.0,40122.0,Excellent,18994.0
Ford,Silverado,2017.0,18119.0,Good,24094.05
Honda,Camry,2010.0,121674.0,Excellent,25916.2
Toyota,Camry,2020.0,107058.0,Excellent,16647.0
Nissan,F-150,2014.0,99627.0,Excellent,23018.550000000003
Nissan,Camry,2016.0,95531.0,Excellent,21223.55
Toyota,Camry,2012.0,98006.0,Good,25099.8
Honda,Civic,2017.0,96018.0,Excellent,20199.2
Ford,Camry,2012.0,13306.0,Good,29334.8
Chevrolet,F-150,2012.0,61491.0,Excellent,26925.45
Chevrolet,Altima,2018.0,51008.0,Excellent,21449.6
Ford,Silverado,2016.0,102895.0,Excellent,20855.25
Chevrolet,F-150,2014.0,29491.0,Excellent,26525.55
Honda,F-150,2017.0,39333.0,Fair,23033.45
Ford,Altima,2014.0,28350.0,Excellent,26582.6
Honda,F-150,2020.0,116611.0,Fair,16169.55
Toyota,F-150,2013.0,,Fair,27504.65
Chevrolet,Camry,2010.0,136821.0,Good,25159.05
Toyota,Altima,2014.0,80948.0,Excellent,23952.7
Chevrolet,Camry,2014.0,71453.0,Excellent,24427.45
Chevrolet,Silverado,2010.0,116617.0,Excellent,26169.15
Toyota,Silverado,2017.0,131649.0,Excellent,18417.65
Honda,Altima,2010.0,114848.0,Excellent,26257.7
Honda,Civic,2014.0,17168.0,Good,27141.6
Toyota,F-150,2010.0,47014.0,Excellent,29649.4
Ford,Civic,2012.0,116576.0,Excellent,24171.1
Nissan,Camry,2019.0,53540.0,Excellent,20323.0
Honda,Altima,2010.0,123807.0,Excellent,25809.75
Honda,Camry,2014.0,96707.0,Fair,23164.75
Nissan,Altima,2018.0,88234.0,Excellent,19588.3
Nissan,Silverado,2014.0,90705.0,Excellent,23464.75
Honda,Silverado,2020.0,19789.0,Good,21010.55
Ford,Camry,2018.0,88406.0,Good,19579.7
Toyota,Silverado,2019.0,131966.0,Fair,16401.7
Honda,Altima,2022.0,33316.0,Excellent,18334.2
Nissan,F-150,2020.0,55979.0,Good,19201.15
Toyota,Altima,2019.0,140224.0,Good,15988.8
Honda,Altima,2016.0,121615.0,Excellent,19919.35
Chevrolet,Civic,2022.0,107782.0,Excellent,14611.0
Toyota,Silverado,2011.0,124052.0,Excellent,24797.4
Nissan,Altima,2019.0,104878.0,Excellent,17756.199999999997
Honda,Altima,2021.0,64317.0,Excellent,17784.25
Honda,Silverado,2012.0,143456.0,Excellent,22827.3
Honda,Silverado,2016.0,98304.0,Excellent,21084.9
Chevrolet,F-150,2021.0,122918.0,Good,14854.2
Honda,Camry,2013.0,24945.0,Fair,27752.85
Ford,Altima,2013.0,,Excellent,28329.3
Nissan,Altima,2020.0,24393.0,Good,20780.35
Honda,Silverado,2020.0,31470.0,Excellent,20426.6
Honda,Altima,2021.0,63376.0,Excellent,17831.3
Honda,Silverado,2022.0,85972.0,Excellent,15701.5
Toyota,Camry,2017.0,54466.0,Good,22276.8
Nissan,Camry,2011.0,103788.0,Excellent,25810.7
Honda,Silverado,2011.0,87442.0,Excellent,26628.0
Ford,Altima,2011.0,76042.0,Good,27197.9
Honda,F-150,2013.0,36544.0,Excellent,27172.9
Nissan,Altima,2014.0,109684.0,Excellent,22515.7
Ford,Civic,2013.0,81670.0,Good,24916.6
Nissan,Altima,2018.0,97881.0,Excellent,19106.05
Honda,Silverado,2021.0,52464.0,Fair,18376.9
Ford,F-150,2013.0,121745.0,Excellent,22912.85
Honda,F-150,2014.0,103515.0,Good,22824.35
Ford,Camry,2020.0,30823.0,Excellent,20458.95
Chevrolet,Civic,2017.0,16738.0,Excellent,24163.1
Nissan,Camry,2014.0,54608.0,Excellent,25269.7
Nissan,Altima,2022.0,47702.0,Excellent,17615.0
Ford,Camry,2021.0,61150.0,Excellent,17942.6
Nissan,F-150,2020.0,62934.0,Excellent,18853.4
Toyota,F-150,2021.0,111050.0,Excellent,15447.5
Nissan,Camry,2013.0,139970.0,Excellent,22001.6
Toyota,Altima,2019.0,48268.0,Excellent,20586.6
Ford,F-150,2013.0,102622.0,Excellent,23868.9
Ford,Civic,2014.0,58577.0,Excellent,25071.25
Ford,Camry,2017.0,97843.0,Good,20107.95
Ford,Camry,2022.0,29471.0,Excellent,18526.45
Chevrolet,Camry,2013.0,39120.0,Fair,27044.1
Toyota,Camry,2012.0,20345.0,Good,28982.85
Ford,Silverado,2010.0,65181.0,Good,28740.95
Ford,Camry,2017.0,91498.0,Excellent,20425.1
Nissan,Altima,2014.0,144681.0,Excellent,20766.05
Chevrolet,Civic,2019.0,122038.0,Good,16898.199999999997
Toyota,Camry,2020.0,136729.0,Excellent,15163.45
Nissan,Silverado,2020.0,70547.0,Good,18472.550000000003
Chevrolet,Altima,2014.0,91148.0,Excellent,23442.6
Nissan,F-150,2010.0,84697.0,Good,27765.050000000003
Ford,Civic,2021.0,75674.0,Excellent,17216.399999999998
Chevrolet,Camry,2010.0,79677.0,Excellent,28016.25
Nissan,F-150,2014.0,37607.0,Good,26119.65
Honda,Silverado,2011.0,132239.0,Good,24388.15
Toyota,Camry,2010.0,,Excellent,25008.8
Honda,F-150,2011.0,33101.0,Good,29345.05
Toyota,Altima,2013.0,102901.0,Excellent,23854.85
Honda,Camry,2013.0,75318.0,Excellent,25234.1
Ford,Camry,2017.0,127836.0,Good,18608.2
Chevrolet,Altima,2020.0,146457.0,Excellent,14677.25
Nissan,Altima,2022.0,94256.0,Fair,15287.3
Honda,Silverado,2018.0,136777.0,Excellent,17161.25
Honda,Camry,2019.0,29100.0,Excellent,21545.1
Chevrolet,Camry,2021.0,79881.0,Good,17006.05
Chevrolet,Altima,2012.0,72070.0,Excellent,26396.6
Chevrolet,Civic,2011.0,63223.0,Excellent,27838.95
Toyota,Camry,2011.0,120615.0,Good,24969.15
Chevrolet,F-150,2018.0,81236.0,Fair,19938.2
Nissan,Civic,2020.0,,Excellent,17160.55
Chevrolet,F-150,2021.0,34932.0,Excellent,19253.5
Chevrolet,Silverado,2011.0,22768.0,Excellent,29861.7
Chevrolet,Silverado,2016.0,111433.0,Good,20428.35
Honda,Civic,2021.0,84577.0,Excellent,16771.050000000003
Toyota,Altima,2022.0,66857.0,Good,16657.25
Honda,Camry,2016.0,141774.0,Good,18911.3
Ford,Civic,2012.0,55039.0,Excellent,27248.15
Toyota,Civic,2018.0,92293.0,Excellent,19385.45
Toyota,F-150,2015.0,50227.0,Fair,24488.75
Chevrolet,F-150,2020.0,146032.0,Good,14698.3
Chevrolet,F-150,2016.0,69357.0,Good,22532.15
Toyota,Silverado,2020.0,134241.0,Excellent,15287.95
Honda,F-150,2011.0,86503.0,Excellent,26674.95
Honda,F-150,2020.0,31423.0,Excellent,20428.85
Ford,F-150,2016.0,77119.0,Excellent,22143.95
Toyota,Civic,2020.0,19145.0,Excellent,21042.65
Chevrolet,Civic,2017.0,45739.0,Excellent,22713.15
Ford,Silverado,2019.0,28133.0,Excellent,21593.45
Ford,Civic,2019.0,105690.0,Excellent,17715.5
Chevrolet,Silverado,2020.0,119038.0,Excellent,16048.2
Toyota,Camry,2020.0,64221.0,Good,18789.05
Honda,Civic,2011.0,77760.0,Good,27111.9
Toyota,Camry,2014.0,33785.0,Good,26310.85
Toyota,F-150,2020.0,61104.0,Excellent,18944.8
Honda,F-150,2019.0,106037.0,Excellent,17698.25
Honda,Camry,2017.0,108648.0,Excellent,19567.6
Toyota,Altima,2020.0,101801.0,Excellent,16910.05
Ford,F-150,2019.0,64700.0,Good,19765.0
Toyota,F-150,2021.0,42702.0,Excellent,18865.0
Toyota,Camry,2010.0,85004.0,Fair,27749.9
Toyota,F-150,,97595.0,Good,25120.35
Chevrolet,Altima,2021.0,135165.0,Excellent,14241.85
Toyota,Civic,2021.0,133133.0,Excellent,14343.45
Chevrolet,Camry,2019.0,43995.0,Excellent,20800.35
Nissan,Camry,2014.0,131612.0,Fair,21419.5
Honda,Altima,2012.0,74521.0,Fair,26273.95
Ford,Silverado,2014.0,106467.0,Fair,22676.75
Honda,F-150,2013.0,77857.0,Excellent,25107.25
Chevrolet,F-150,2019.0,13554.0,Good,22322.4
Honda,Camry,2015.0,122891.0,Excellent,20855.55
Chevrolet,Altima,2010.0,89618.0,Good,27519.2
Ford,Camry,2010.0,74986.0,Fair,28250.7
Nissan,Silverado,2017.0,73340.0,Excellent,21333.1
Honda,Civic,2015.0,122879.0,Excellent,20856.15
Ford,Altima,2017.0,45756.0,Good,22712.3
Honda,Silverado,2011.0,137472.0,Excellent,24126.4
Ford,F-150,2020.0,90987.0,Excellent,17450.65
Nissan,Camry,,123512.0,Excellent,18824.5
Ford,Civic,2017.0,116988.0,Excellent,19150.7
Toyota,Altima,2020.0,86137.0,Fair,17693.25
Toyota,F-150,2011.0,51340.0,Excellent,28433.1
Chevrolet,Silverado,2018.0,136757.0,Good,17162.15
Honda,Civic,2014.0,34734.0,Fair,26263.3
Honda,Altima,2016.0,80192.0,Excellent,21990.5
Nissan,Silverado,2019.0,123810.0,Excellent,16809.4
Chevrolet,Camry,2020.0,107596.0,Good,16620.3
Toyota,F-150,2011.0,128818.0,Excellent,24559.0
Honda,Camry,2018.0,35305.0,Excellent,22234.75
Honda,Civic,2017.0,94183.0,Excellent,20290.85
Toyota,Altima,2020.0,42621.0,Good,19868.85
Chevrolet,Civic,2021.0,96118.0,Excellent,16194.2
Ford,F-150,2014.0,79483.0,Good,24025.85
Chevrolet,Altima,2017.0,133889.0,Excellent,18305.65
Nissan,Silverado,2013.0,59560.0,Excellent,26022.0
Toyota,Civic,2021.0,87129.0,Excellent,16643.649999999998
Ford,F-150,2014.0,93807.0,Excellent,23309.75
Toyota,Camry,2011.0,108907.0,Good,25554.75
Ford,Altima,2015.0,61687.0,Good,23915.75
Chevrolet,Altima,2016.0,56247.0,Good,23187.75
Nissan,Altima,2022.0,15992.0,Fair,19200.5
Honda,Civic,2012.0,48331.0,Excellent,27583.55
Nissan,F-150,2013.0,106330.0,Good,23683.6
Toyota,Civic,2017.0,63826.0,Good,21808.8
Honda,Camry,2013.0,,Excellent,27160.9
Ford,F-150,2021.0,109551.0,Excellent,15522.55
Toyota,Camry,2011.0,124937.0,Excellent,24753.15
Ford,Camry,2010.0,99234.0,Excellent,27038.4
Honda,Camry,2012.0,102406.0,Excellent,24879.8
Nissan,Civic,2012.0,47534.0,Good,27623.3
Chevrolet,F-150,2011.0,50007.0,Fair,28499.75
Honda,Altima,2017.0,15545.0,Excellent,24222.85
Toyota,F-150,2021.0,127693.0,Excellent,14615.45
Ford,Altima,2010.0,63023.0,Excellent,28848.95
Honda,Civic,2010.0,47611.0,Excellent,29619.55
Nissan,F-150,2014.0,106119.0,Excellent,22694.15
Toyota,Civic,2011.0,102926.0,Good,25853.8
Chevrolet,Camry,2019.0,120286.0,Excellent,16985.8
Nissan,Silverado,2022.0,72203.0,Excellent,16389.949999999997
Toyota,Camry,2019.0,48503.0,Excellent,20574.85
Honda,Camry,2013.0,136202.0,Good,22190.0
Honda,Silverado,2019.0,122062.0,Good,16896.800000000003
Toyota,Civic,2012.0,45294.0,Excellent,27735.4
Honda,Silverado,2020.0,104399.0,Fair,16780.05
Ford,Camry,2019.0,137827.0,Good,16108.65
Toyota,Altima,2013.0,108091.0,Excellent,23595.45
Honda,Altima,2010.0,68159.0,Excellent,28592.15
Nissan,Altima,2019.0,59808.0,Good,20009.7
Nissan,Silverado,,33890.0,Excellent,26305.6
Nissan,F-150,2017.0,125049.0,Good,18747.45
Honda,Civic,2019.0,30687.0,Fair,21465.75
Nissan,Altima,2022.0,56155.0,Good,17192.15
Chevrolet,Altima,2014.0,49867.0,Excellent,25506.75
Toyota,Civic,2011.0,113560.0,Excellent,25322.0
Toyota,Civic,2022.0,46699.0,Good,17665.149999999998
Toyota,Altima,2010.0,81063.0,Excellent,27946.95
Nissan,Camry,2013.0,41285.0,Excellent,26935.75
Chevrolet,Altima,2010.0,109321.0,Good,26534.05
Ford,Silverado,2021.0,75482.0,Excellent,17226.0
Nissan,F-150,2018.0,75823.0,Good,20208.85
Chevrolet,Civic,2012.0,15826.0,Excellent,29208.8
Honda,Civic,2011.0,112032.0,Excellent,25398.300000000003
Ford,Altima,2014.0,44172.0,Excellent,25791.5
Honda,F-150,2012.0,21025.0,Excellent,28948.65
Honda,Camry,2011.0,103575.0,Excellent,25821.35
Toyota,Civic,2011.0,53575.0,Good,28321.35
Ford,Civic,2011.0,25277.0,Excellent,29736.15
Chevrolet,Silverado,2013.0,83668.0,Good,24816.7
Nissan,Civic,2014.0,36447.0,Good,26177.75
Chevrolet,Camry,2018.0,96151.0,Excellent,19192.55
Nissan,Silverado,,47829.0,Excellent,23608.65
Toyota,Camry,2010.0,145528.0,Excellent,24723.6
Nissan,Altima,2019.0,61278.0,Good,19936.1
Nissan,Altima,2012.0,21770.0,Excellent,28911.4
Ford,Silverado,2013.0,49622.0,Excellent,26519.0
Nissan,Silverado,2013.0,82654.0,Excellent,24867.2
Honda,Civic,2018.0,55849.0,Excellent,21207.65
Honda,Civic,2019.0,115299.0,Excellent,17235.05
Toyota,Camry,2012.0,29265.0,Excellent,28536.85
Nissan,Civic,2022.0,23865.0,Excellent,18806.85
Chevrolet,Civic,2019.0,84547.0,Excellent,18772.75
Nissan,F-150,2013.0,97585.0,Excellent,24120.85
Toyota,Civic,2015.0,22308.0,Fair,25884.5
Honda,Camry,2012.0,84092.0,Excellent,25795.5
Toyota,Civic,2014.0,94561.0,Fair,23271.95
Nissan,Altima,2021.0,84366.0,Excellent,16781.8
Nissan,Altima,2021.0,126719.0,Excellent,14664.05
Honda,Silverado,2014.0,75393.0,Good,24230.35
Nissan,Altima,2012.0,43860.0,Excellent,27807.1
Nissan,Civic,2019.0,96715.0,Excellent,18164.35
Chevrolet,Camry,2016.0,105787.0,Good,20710.65
Toyota,Silverado,2010.0,115209.0,Excellent,26239.65
Toyota,Altima,2020.0,46725.0,Excellent,19663.85
Nissan,Civic,2013.0,108600.0,Excellent,23570.0
Ford,Altima,2019.0,30151.0,Good,21492.45
Ford,Altima,2015.0,82459.0,Excellent,22876.95
Ford,Altima,2012.0,114588.0,Good,24270.5
Ford,Civic,2012.0,138655.0,Good,23067.35
Ford,F-150,2021.0,,Excellent,19653.2
Ford,Camry,2022.0,60341.0,Excellent,16983.05
Toyota,Altima,2014.0,117813.0,Excellent,22109.35
Ford,F-150,2012.0,32250.0,Excellent,28387.6
Honda,Camry,2020.0,75326.0,Excellent,18233.7
Chevrolet,F-150,2013.0,44970.0,Good,26751.4
Nissan,Civic,2010.0,40889.0,Good,29955.55
Honda,Camry,2018.0,104690.0,Good,18765.5
Ford,Altima,2012.0,34266.0,Fair,28286.7
Toyota,F-150,2016.0,116714.0,Fair,20164.4
Honda,Camry,2010.0,61450.0,Excellent,28927.6
Ford,F-150,2015.0,79970.0,Excellent,23001.4
Chevrolet,F-150,2013.0,19440.0,Good,28028.0
Honda,Silverado,2010.0,94434.0,Excellent,27278.4
Chevrolet,Altima,2018.0,86446.0,Fair,19677.8
Chevrolet,Civic,2022.0,70874.0,Good,16456.399999999998
Toyota,F-150,2019.0,140645.0,Excellent,15967.85
Chevrolet,Camry,2018.0,19475.0,Excellent,23026.35
Chevrolet,Altima,2012.0,126659.0,Excellent,23667.15
Toyota,Altima,2011.0,60733.0,Excellent,27963.45
Chevrolet,Civic,2016.0,97889.0,Good,21105.55
Ford,Camry,2010.0,54309.0,Excellent,29284.65
Ford,Camry,2012.0,135239.0,Excellent,23238.05
Ford,Silverado,2012.0,111072.0,Excellent,24446.5
Nissan,Civic,2018.0,97741.0,Excellent,19113.05
Chevrolet,Civic,2020.0,95720.0,Excellent,17214.1
Nissan,F-150,2011.0,41636.0,Fair,28918.2
Ford,Camry,2021.0,21971.0,Fair,19901.55
Honda,Silverado,2020.0,31688.0,Excellent,20415.7
Chevrolet,Altima,2013.0,70354.0,Excellent,25482.3
Chevrolet,F-150,2018.0,101911.0,Good,18904.45
Ford,Altima,2019.0,30538.0,Good,21473.2
Chevrolet,Altima,2011.0,38801.0,Excellent,29060.05
Chevrolet,Camry,2013.0,114013.0,Excellent,23299.35
Toyota,F-150,2021.0,110323.0,Good,15483.95
Ford,Civic,2016.0,74780.0,Excellent,22261.0
Chevrolet,F-150,2018.0,68977.0,Fair,20551.25
Honda,Camry,2017.0,24030.0,Excellent,23798.4
Chevrolet,Civic,2018.0,105608.0,Good,18719.7
Honda,Civic,2016.0,38708.0,Excellent,24064.7
Nissan,Altima,2018.0,136627.0,Excellent,17168.65
Honda,F-150,2017.0,77391.0,Good,21130.55
Honda,F-150,2016.0,81032.0,Good,21948.5
Ford,Altima,2022.0,42956.0,Excellent,17852.3
Honda,Altima,2011.0,137181.0,Fair,24141.05
Chevrolet,Silverado,2015.0,85619.0,Good,22719.05
Ford,Silverado,2014.0,110014.0,Excellent,22499.3
Nissan,F-150,2011.0,81738.0,Excellent,26913.0
Chevrolet,Altima,,125611.0,Excellent,18719.55
Toyota,Camry,,88965.0,Excellent,27551.85
Ford,Camry,2021.0,108001.0,Excellent,15600.05
Ford,Camry,2019.0,13201.0,Good,22340.05
Chevrolet,F-150,2014.0,93523.0,Excellent,23323.95
Chevrolet,Altima,2018.0,56474.0,Excellent,21176.4
Chevrolet,Civic,2014.0,100753.0,Good,22962.45
Nissan,Altima,2016.0,106614.0,Fair,20669.4
Chevrolet,Civic,2015.0,133193.0,Good,20340.25
Honda,Altima,2020.0,135632.0,Excellent,15218.5
Toyota,Civic,2013.0,49994.0,Excellent,26500.2
Toyota,Altima,2022.0,75254.0,Excellent,16237.4
Ford,F-150,2013.0,134117.0,Excellent,22294.25
Toyota,Altima,2017.0,23845.0,Good,23807.85
Toyota,Silverado,2013.0,54943.0,Excellent,26252.95
Nissan,Camry,2015.0,19070.0,Good,26046.6
Ford,Silverado,2019.0,70356.0,Excellent,19482.3
Nissan,Altima,2016.0,67134.0,Good,22643.4
Chevrolet,F-150,2018.0,96149.0,Excellent,19192.65
Ford,Camry,2015.0,16105.0,Excellent,26194.65
Ford,Civic,,12784.0,Excellent,25360.9
Ford,F-150,2012.0,94169.0,Excellent,25291.45
Ford,Altima,2017.0,78336.0,Fair,21083.2
Honda,Silverado,2017.0,125701.0,Good,18715.05
Toyota,Civic,2013.0,73364.0,Excellent,25331.8
Chevrolet,Altima,2020.0,122285.0,Good,15885.75
Honda,Camry,2011.0,57068.0,Excellent,28146.6
Nissan,F-150,2013.0,98891.0,Excellent,24055.45
Toyota,Silverado,2010.0,70053.0,Excellent,28497.45
Honda,F-150,2016.0,133334.0,Good,19333.3
Honda,Camry,2012.0,72053.0,Good,26397.35
Chevrolet,Altima,2017.0,50986.0,Good,22450.8
Ford,Altima,2013.0,66767.0,Excellent,25661.65
Chevrolet,Silverado,2010.0,127943.0,Excellent,25602.85
Ford,F-150,2017.0,89206.0,Excellent,20539.7
Honda,Civic,,103726.0,Good,18813.8
Chevrolet,Camry,2021.0,130741.0,Fair,14462.95
Chevrolet,Altima,2015.0,74527.0,Excellent,23273.65
Toyota,Altima,2014.0,107263.0,Excellent,22636.95
Toyota,Altima,2019.0,64217.0,Excellent,19789.25
Toyota,F-150,2011.0,37478.0,Fair,29126.2
Nissan,Altima,2022.0,41167.0,Excellent,17941.75
Toyota,Altima,2018.0,27348.0,Excellent,22632.7
Nissan,Altima,2013.0,109094.0,Excellent,23545.4
Toyota,Camry,2012.0,136407.0,Excellent,23179.75
Chevrolet,Altima,2022.0,69882.0,Good,16505.800000000003
Toyota,Camry,2014.0,127738.0,Excellent,21613.2
Toyota,F-150,2016.0,51451.0,Good,23427.55
Ford,Civic,2013.0,53898.0,Excellent,26305.1
Honda,Altima,2012.0,113390.0,Good,24330.6
Honda,Silverado,2015.0,50874.0,Excellent,24456.4
Chevrolet,F-150,2014.0,20608.0,Excellent,26969.7
Ford,Altima,2016.0,,Good,20507.55
Nissan,Silverado,2017.0,128390.0,Excellent,18580.6
